Loss,Context,Type,Recurrent Layers,Recurrent Units,Dense Layers,Dense Units,States
0.001512198398510615,6,GRU,2,"[120, 90]",2,"[190, 160]","['rpm', 'rpm_delta', 'cmd', 'cmd_delta', 'height', 'vel', 'acc', 'angles', 'rates']"
0.0015131672844290733,10,LSTM,1,[90],2,"[150, 170]","['rpm', 'rpm_delta', 'cmd', 'cmd_delta', 'height', 'vel', 'acc', 'angles', 'rates']"
0.0015148857492022216,10,LSTM,1,[90],2,"[150, 180]","['rpm', 'rpm_delta', 'cmd', 'cmd_delta', 'height', 'vel', 'acc', 'angles', 'rates']"
0.0015173382901897032,5,GRU,2,"[110, 90]",2,"[160, 200]","['rpm', 'rpm_delta', 'cmd', 'cmd_delta', 'height', 'vel', 'acc', 'angles', 'rates']"
0.0015192951929445069,9,GRU,2,"[120, 80]",2,"[200, 190]","['rpm', 'rpm_delta', 'cmd', 'cmd_delta', 'height', 'vel', 'acc', 'angles', 'rates']"
0.0015199710420953731,7,LSTM,2,"[100, 70]",2,"[150, 180]","['rpm', 'rpm_delta', 'cmd', 'cmd_delta', 'height', 'vel', 'acc', 'angles', 'rates']"
0.0015205256058834493,10,LSTM,1,[90],2,"[130, 190]","['rpm', 'rpm_delta', 'cmd', 'cmd_delta', 'height', 'vel', 'acc', 'angles', 'rates']"
0.001522227326252808,9,GRU,2,"[110, 90]",2,"[200, 190]","['rpm', 'rpm_delta', 'cmd', 'cmd_delta', 'height', 'vel', 'acc', 'angles', 'rates']"
0.0015233186810898285,9,LSTM,1,[90],2,"[120, 130]","['rpm', 'rpm_delta', 'cmd', 'cmd_delta', 'height', 'vel', 'acc', 'angles', 'rates']"
0.0015235566728127499,5,GRU,2,"[110, 90]",2,"[170, 200]","['rpm', 'rpm_delta', 'cmd', 'cmd_delta', 'height', 'vel', 'acc', 'angles', 'rates']"
0.0015238944712715845,3,GRU,2,"[110, 90]",2,"[160, 170]","['rpm', 'rpm_delta', 'cmd', 'cmd_delta', 'height', 'vel', 'acc', 'angles', 'rates']"
0.0015240251668728888,5,GRU,2,"[110, 90]",2,"[160, 190]","['rpm', 'rpm_delta', 'cmd', 'cmd_delta', 'height', 'vel', 'acc', 'angles', 'rates']"
0.001525544619653374,7,LSTM,2,"[110, 70]",2,"[140, 180]","['rpm', 'rpm_delta', 'cmd', 'cmd_delta', 'height', 'vel', 'acc', 'angles', 'rates']"
0.001526688865851611,6,GRU,2,"[120, 100]",2,"[190, 160]","['rpm', 'rpm_delta', 'cmd', 'cmd_delta', 'height', 'vel', 'acc', 'angles', 'rates']"
0.0015289065001221995,6,GRU,2,"[120, 80]",2,"[190, 170]","['rpm', 'rpm_delta', 'cmd', 'cmd_delta', 'height', 'vel', 'acc', 'angles', 'rates']"
0.0015292931736136477,10,LSTM,1,[90],2,"[130, 170]","['rpm', 'rpm_delta', 'cmd', 'cmd_delta', 'height', 'vel', 'acc', 'angles', 'rates']"
0.0015293075897110004,5,GRU,2,"[110, 90]",2,"[150, 200]","['rpm', 'rpm_delta', 'cmd', 'cmd_delta', 'height', 'vel', 'acc', 'angles', 'rates']"
0.0015304756040374439,6,GRU,2,"[120, 80]",2,"[200, 160]","['rpm', 'rpm_delta', 'cmd', 'cmd_delta', 'height', 'vel', 'acc', 'angles', 'rates']"
0.0015311549262454112,6,LSTM,2,"[110, 90]",2,"[150, 200]","['rpm', 'rpm_delta', 'cmd', 'cmd_delta', 'height', 'vel', 'acc', 'angles', 'rates']"
0.0015313925105147064,10,LSTM,1,[90],2,"[110, 180]","['rpm', 'rpm_delta', 'cmd', 'cmd_delta', 'height', 'vel', 'acc', 'angles', 'rates']"
0.0015324926741110783,9,LSTM,1,[90],2,"[120, 140]","['rpm', 'rpm_delta', 'cmd', 'cmd_delta', 'height', 'vel', 'acc', 'angles', 'rates']"
0.0015328732746032376,5,GRU,2,"[110, 90]",2,"[150, 180]","['rpm', 'rpm_delta', 'cmd', 'cmd_delta', 'height', 'vel', 'acc', 'angles', 'rates']"
0.001533445397702356,4,LSTM,1,[100],2,"[170, 120]","['rpm', 'rpm_delta', 'cmd', 'cmd_delta', 'height', 'vel', 'acc', 'angles', 'rates']"
0.0015340311413941283,5,LSTM,1,[120],2,"[190, 100]","['rpm', 'rpm_delta', 'cmd', 'cmd_delta', 'height', 'vel', 'acc', 'angles', 'rates']"
0.0015346228416698675,0,MLP,0,[],2,"[150, 170]","['rpm', 'rpm_delta', 'cmd', 'cmd_delta', 'height', 'vel', 'acc', 'angles', 'rates']"
0.0015346228416698675,0,MLP,0,[],2,"[150, 170]","['rpm', 'rpm_delta', 'cmd', 'cmd_delta', 'height', 'vel', 'acc', 'angles', 'rates']"
0.0015356376922378938,9,LSTM,1,[90],2,"[120, 150]","['rpm', 'rpm_delta', 'cmd', 'cmd_delta', 'height', 'vel', 'acc', 'angles', 'rates']"
0.0015361996289963524,8,LSTM,1,[100],2,"[160, 120]","['rpm', 'rpm_delta', 'cmd', 'cmd_delta', 'height', 'vel', 'acc', 'angles', 'rates']"
0.0015370474623826642,6,GRU,2,"[110, 90]",2,"[190, 160]","['rpm', 'rpm_delta', 'cmd', 'cmd_delta', 'height', 'vel', 'acc', 'angles', 'rates']"
0.0015374119781578581,2,LSTM,2,"[110, 90]",2,"[160, 200]","['rpm', 'rpm_delta', 'cmd', 'cmd_delta', 'height', 'vel', 'acc', 'angles', 'rates']"
0.0015383697658156354,6,LSTM,2,"[110, 90]",2,"[160, 190]","['rpm', 'rpm_delta', 'cmd', 'cmd_delta', 'height', 'vel', 'acc', 'angles', 'rates']"
0.001538573415018618,5,LSTM,1,[120],2,"[180, 110]","['rpm', 'rpm_delta', 'cmd', 'cmd_delta', 'height', 'vel', 'acc', 'angles', 'rates']"
0.0015390132321044803,5,GRU,2,"[100, 90]",2,"[150, 180]","['rpm', 'rpm_delta', 'cmd', 'cmd_delta', 'height', 'vel', 'acc', 'angles', 'rates']"
0.0015394263706790905,5,LSTM,1,[110],2,"[180, 100]","['rpm', 'rpm_delta', 'cmd', 'cmd_delta', 'height', 'vel', 'acc', 'angles', 'rates']"
0.0015396532059336703,3,GRU,2,"[110, 90]",2,"[160, 190]","['rpm', 'rpm_delta', 'cmd', 'cmd_delta', 'height', 'vel', 'acc', 'angles', 'rates']"
0.0015398493463483949,5,LSTM,1,[120],2,"[170, 100]","['rpm', 'rpm_delta', 'cmd', 'cmd_delta', 'height', 'vel', 'acc', 'angles', 'rates']"
0.0015404232350798945,3,LSTM,1,[90],2,"[120, 140]","['rpm', 'rpm_delta', 'cmd', 'cmd_delta', 'height', 'vel', 'acc', 'angles', 'rates']"
0.0015404232350798945,3,LSTM,1,[90],2,"[120, 140]","['rpm', 'rpm_delta', 'cmd', 'cmd_delta', 'height', 'vel', 'acc', 'angles', 'rates']"
0.0015404372049185138,7,GRU,1,[60],1,[150],"['rpm', 'rpm_delta', 'cmd', 'cmd_delta', 'height', 'vel', 'acc', 'angles', 'rates']"
0.0015404372049185138,7,GRU,1,[60],1,[150],"['rpm', 'rpm_delta', 'cmd', 'cmd_delta', 'height', 'vel', 'acc', 'angles', 'rates']"
0.0015404372049185138,7,GRU,1,[60],1,[150],"['rpm', 'rpm_delta', 'cmd', 'cmd_delta', 'height', 'vel', 'acc', 'angles', 'rates']"
0.0015404372049185138,7,GRU,1,[60],1,[150],"['rpm', 'rpm_delta', 'cmd', 'cmd_delta', 'height', 'vel', 'acc', 'angles', 'rates']"
0.0015406458405777812,6,LSTM,1,[90],2,"[120, 140]","['rpm', 'rpm_delta', 'cmd', 'cmd_delta', 'height', 'vel', 'acc', 'angles', 'rates']"
0.0015407305521269639,9,LSTM,1,[90],2,"[120, 110]","['rpm', 'rpm_delta', 'cmd', 'cmd_delta', 'height', 'vel', 'acc', 'angles', 'rates']"
0.0015407695124546688,6,GRU,2,"[110, 90]",2,"[170, 180]","['rpm', 'rpm_delta', 'cmd', 'cmd_delta', 'height', 'vel', 'acc', 'angles', 'rates']"
0.0015410305156062047,9,GRU,2,"[110, 90]",2,"[160, 190]","['rpm', 'rpm_delta', 'cmd', 'cmd_delta', 'height', 'vel', 'acc', 'angles', 'rates']"
0.0015413962149371703,5,GRU,2,"[110, 80]",2,"[170, 190]","['rpm', 'rpm_delta', 'cmd', 'cmd_delta', 'height', 'vel', 'acc', 'angles', 'rates']"
0.001541625844159474,7,LSTM,2,"[100, 70]",2,"[170, 180]","['rpm', 'rpm_delta', 'cmd', 'cmd_delta', 'height', 'vel', 'acc', 'angles', 'rates']"
0.001543056103400886,6,LSTM,2,"[110, 90]",2,"[150, 180]","['rpm', 'rpm_delta', 'cmd', 'cmd_delta', 'height', 'vel', 'acc', 'angles', 'rates']"
0.0015435201542762418,3,LSTM,1,[80],2,"[120, 150]","['rpm', 'rpm_delta', 'cmd', 'cmd_delta', 'height', 'vel', 'acc', 'angles', 'rates']"
0.0015436188938717048,7,LSTM,2,"[90, 70]",2,"[140, 180]","['rpm', 'rpm_delta', 'cmd', 'cmd_delta', 'height', 'vel', 'acc', 'angles', 'rates']"
0.001543832147338738,8,LSTM,1,[100],2,"[170, 110]","['rpm', 'rpm_delta', 'cmd', 'cmd_delta', 'height', 'vel', 'acc', 'angles', 'rates']"
0.001543832147338738,8,LSTM,1,[100],2,"[170, 110]","['rpm', 'rpm_delta', 'cmd', 'cmd_delta', 'height', 'vel', 'acc', 'angles', 'rates']"
0.001543854169237117,3,GRU,2,"[110, 90]",2,"[160, 140]","['rpm', 'rpm_delta', 'cmd', 'cmd_delta', 'height', 'vel', 'acc', 'angles', 'rates']"
0.0015440515514152746,9,LSTM,1,[90],2,"[130, 130]","['rpm', 'rpm_delta', 'cmd', 'cmd_delta', 'height', 'vel', 'acc', 'angles', 'rates']"
0.0015451449629229803,6,GRU,2,"[120, 90]",2,"[190, 150]","['rpm', 'rpm_delta', 'cmd', 'cmd_delta', 'height', 'vel', 'acc', 'angles', 'rates']"
0.0015451626774544518,4,LSTM,1,[100],2,"[160, 120]","['rpm', 'rpm_delta', 'cmd', 'cmd_delta', 'height', 'vel', 'acc', 'angles', 'rates']"
0.0015451626774544518,4,LSTM,1,[100],2,"[160, 120]","['rpm', 'rpm_delta', 'cmd', 'cmd_delta', 'height', 'vel', 'acc', 'angles', 'rates']"
0.001545530433456103,8,LSTM,1,[100],2,"[190, 90]","['rpm', 'rpm_delta', 'cmd', 'cmd_delta', 'height', 'vel', 'acc', 'angles', 'rates']"
0.001546270485656957,3,LSTM,1,[80],2,"[120, 130]","['rpm', 'rpm_delta', 'cmd', 'cmd_delta', 'height', 'vel', 'acc', 'angles', 'rates']"
0.0015463887054162722,10,GRU,1,[60],1,[160],"['rpm', 'rpm_delta', 'cmd', 'cmd_delta', 'height', 'vel', 'acc', 'angles', 'rates']"
0.0015463887054162722,10,GRU,1,[60],1,[160],"['rpm', 'rpm_delta', 'cmd', 'cmd_delta', 'height', 'vel', 'acc', 'angles', 'rates']"
0.0015464040528361995,2,GRU,1,[90],2,"[120, 150]","['rpm', 'rpm_delta', 'cmd', 'cmd_delta', 'height', 'vel', 'acc', 'angles', 'rates']"
0.0015464366879314184,9,GRU,2,"[110, 110]",2,"[160, 190]","['rpm', 'rpm_delta', 'cmd', 'cmd_delta', 'height', 'vel', 'acc', 'angles', 'rates']"
0.0015478373776810865,7,LSTM,2,"[110, 70]",2,"[130, 190]","['rpm', 'rpm_delta', 'cmd', 'cmd_delta', 'height', 'vel', 'acc', 'angles', 'rates']"
0.0015483985771425068,6,GRU,2,"[100, 90]",2,"[190, 160]","['rpm', 'rpm_delta', 'cmd', 'cmd_delta', 'height', 'vel', 'acc', 'angles', 'rates']"
0.0015485709882341325,9,GRU,1,[100],2,"[190, 90]","['rpm', 'rpm_delta', 'cmd', 'cmd_delta', 'height', 'vel', 'acc', 'angles', 'rates']"
0.0015487867252280314,2,GRU,1,[100],2,"[110, 140]","['rpm', 'rpm_delta', 'cmd', 'cmd_delta', 'height', 'vel', 'acc', 'angles', 'rates']"
0.0015490054502151906,6,GRU,2,"[120, 90]",2,"[180, 160]","['rpm', 'rpm_delta', 'cmd', 'cmd_delta', 'height', 'vel', 'acc', 'angles', 'rates']"
0.0015490320705187817,10,LSTM,1,[90],2,"[130, 160]","['rpm', 'rpm_delta', 'cmd', 'cmd_delta', 'height', 'vel', 'acc', 'angles', 'rates']"
0.0015493104583583772,1,MLP,0,[],2,"[120, 150]","['rpm', 'rpm_delta', 'cmd', 'cmd_delta', 'height', 'vel', 'acc', 'angles', 'rates']"
0.001549357936407129,9,GRU,2,"[110, 100]",2,"[170, 170]","['rpm', 'rpm_delta', 'cmd', 'cmd_delta', 'height', 'vel', 'acc', 'angles', 'rates']"
0.001549643153945605,7,LSTM,2,"[110, 70]",2,"[140, 170]","['rpm', 'rpm_delta', 'cmd', 'cmd_delta', 'height', 'vel', 'acc', 'angles', 'rates']"
0.0015498745099951823,5,GRU,2,"[120, 90]",2,"[170, 200]","['rpm', 'rpm_delta', 'cmd', 'cmd_delta', 'height', 'vel', 'acc', 'angles', 'rates']"
0.0015499939327128232,3,LSTM,1,[90],2,"[130, 140]","['rpm', 'rpm_delta', 'cmd', 'cmd_delta', 'height', 'vel', 'acc', 'angles', 'rates']"
0.0015500326602098842,8,GRU,1,[60],1,[150],"['rpm', 'rpm_delta', 'cmd', 'cmd_delta', 'height', 'vel', 'acc', 'angles', 'rates']"
0.001550108737622698,10,GRU,1,[60],1,[150],"['rpm', 'rpm_delta', 'cmd', 'cmd_delta', 'height', 'vel', 'acc', 'angles', 'rates']"
0.0015502064876879256,1,LSTM,1,[90],2,"[100, 140]","['rpm', 'rpm_delta', 'cmd', 'cmd_delta', 'height', 'vel', 'acc', 'angles', 'rates']"
0.0015504337886037927,10,LSTM,1,[90],2,"[150, 190]","['rpm', 'rpm_delta', 'cmd', 'cmd_delta', 'height', 'vel', 'acc', 'angles', 'rates']"
0.0015505784540437162,9,LSTM,1,[90],2,"[130, 140]","['rpm', 'rpm_delta', 'cmd', 'cmd_delta', 'height', 'vel', 'acc', 'angles', 'rates']"
0.0015507477801293135,6,GRU,2,"[110, 90]",2,"[200, 150]","['rpm', 'rpm_delta', 'cmd', 'cmd_delta', 'height', 'vel', 'acc', 'angles', 'rates']"
0.001550773352695008,7,GRU,1,[50],1,[150],"['rpm', 'rpm_delta', 'cmd', 'cmd_delta', 'height', 'vel', 'acc', 'angles', 'rates']"
0.0015508785921459396,10,LSTM,1,[90],2,"[120, 140]","['rpm', 'rpm_delta', 'cmd', 'cmd_delta', 'height', 'vel', 'acc', 'angles', 'rates']"
0.0015508970245718956,9,GRU,2,"[110, 100]",2,"[180, 180]","['rpm', 'rpm_delta', 'cmd', 'cmd_delta', 'height', 'vel', 'acc', 'angles', 'rates']"
0.0015510542822691302,2,GRU,1,[100],2,"[110, 150]","['rpm', 'rpm_delta', 'cmd', 'cmd_delta', 'height', 'vel', 'acc', 'angles', 'rates']"
0.0015514322828191023,10,LSTM,2,"[110, 90]",2,"[160, 190]","['rpm', 'rpm_delta', 'cmd', 'cmd_delta', 'height', 'vel', 'acc', 'angles', 'rates']"
0.0015515304985456169,6,GRU,2,"[110, 90]",2,"[160, 190]","['rpm', 'rpm_delta', 'cmd', 'cmd_delta', 'height', 'vel', 'acc', 'angles', 'rates']"
0.0015519082662649453,4,GRU,1,[100],2,"[110, 160]","['rpm', 'rpm_delta', 'cmd', 'cmd_delta', 'height', 'vel', 'acc', 'angles', 'rates']"
0.0015520770102739334,5,GRU,2,"[110, 80]",2,"[160, 200]","['rpm', 'rpm_delta', 'cmd', 'cmd_delta', 'height', 'vel', 'acc', 'angles', 'rates']"
0.0015524470557769139,7,LSTM,2,"[100, 70]",2,"[120, 200]","['rpm', 'rpm_delta', 'cmd', 'cmd_delta', 'height', 'vel', 'acc', 'angles', 'rates']"
0.0015525237346688907,2,GRU,1,[90],2,"[120, 140]","['rpm', 'rpm_delta', 'cmd', 'cmd_delta', 'height', 'vel', 'acc', 'angles', 'rates']"
0.001552537743312617,9,GRU,1,[60],1,[150],"['rpm', 'rpm_delta', 'cmd', 'cmd_delta', 'height', 'vel', 'acc', 'angles', 'rates']"
0.0015528178191743791,2,LSTM,2,"[110, 90]",2,"[160, 190]","['rpm', 'rpm_delta', 'cmd', 'cmd_delta', 'height', 'vel', 'acc', 'angles', 'rates']"
0.0015529744559898973,5,GRU,2,"[110, 100]",2,"[160, 180]","['rpm', 'rpm_delta', 'cmd', 'cmd_delta', 'height', 'vel', 'acc', 'angles', 'rates']"
0.0015530733702083428,6,GRU,2,"[110, 90]",2,"[180, 170]","['rpm', 'rpm_delta', 'cmd', 'cmd_delta', 'height', 'vel', 'acc', 'angles', 'rates']"
0.0015531460521742702,4,GRU,1,[90],2,"[120, 140]","['rpm', 'rpm_delta', 'cmd', 'cmd_delta', 'height', 'vel', 'acc', 'angles', 'rates']"
0.0015531866229139268,10,LSTM,1,[60],1,[150],"['rpm', 'rpm_delta', 'cmd', 'cmd_delta', 'height', 'vel', 'acc', 'angles', 'rates']"
0.001553273352328688,5,LSTM,1,[100],2,"[190, 90]","['rpm', 'rpm_delta', 'cmd', 'cmd_delta', 'height', 'vel', 'acc', 'angles', 'rates']"
0.0015534923877567053,2,LSTM,2,"[110, 90]",2,"[180, 200]","['rpm', 'rpm_delta', 'cmd', 'cmd_delta', 'height', 'vel', 'acc', 'angles', 'rates']"
0.0015538770239800215,9,LSTM,1,[100],2,"[120, 130]","['rpm', 'rpm_delta', 'cmd', 'cmd_delta', 'height', 'vel', 'acc', 'angles', 'rates']"
0.001554101569733272,4,GRU,1,[90],2,"[100, 160]","['rpm', 'rpm_delta', 'cmd', 'cmd_delta', 'height', 'vel', 'acc', 'angles', 'rates']"
0.0015543693637785811,5,GRU,2,"[110, 90]",2,"[170, 190]","['rpm', 'rpm_delta', 'cmd', 'cmd_delta', 'height', 'vel', 'acc', 'angles', 'rates']"
0.001554638360782216,6,GRU,1,[60],1,[150],"['rpm', 'rpm_delta', 'cmd', 'cmd_delta', 'height', 'vel', 'acc', 'angles', 'rates']"
0.0015550345997326076,7,LSTM,2,"[120, 70]",2,"[120, 190]","['rpm', 'rpm_delta', 'cmd', 'cmd_delta', 'height', 'vel', 'acc', 'angles', 'rates']"
0.0015551526642714937,1,MLP,0,[],2,"[120, 140]","['rpm', 'rpm_delta', 'cmd', 'cmd_delta', 'height', 'vel', 'acc', 'angles', 'rates']"
0.0015554447697165112,2,GRU,1,[100],2,"[190, 90]","['rpm', 'rpm_delta', 'cmd', 'cmd_delta', 'height', 'vel', 'acc', 'angles', 'rates']"
0.0015554722243299086,9,GRU,2,"[110, 100]",2,"[140, 190]","['rpm', 'rpm_delta', 'cmd', 'cmd_delta', 'height', 'vel', 'acc', 'angles', 'rates']"
0.001556007385564347,4,LSTM,1,[100],2,"[170, 110]","['rpm', 'rpm_delta', 'cmd', 'cmd_delta', 'height', 'vel', 'acc', 'angles', 'rates']"
0.0015564420803760488,8,LSTM,2,"[110, 90]",2,"[160, 190]","['rpm', 'rpm_delta', 'cmd', 'cmd_delta', 'height', 'vel', 'acc', 'angles', 'rates']"
0.0015564805168348055,4,LSTM,1,[90],2,"[150, 110]","['rpm', 'rpm_delta', 'cmd', 'cmd_delta', 'height', 'vel', 'acc', 'angles', 'rates']"
0.001557177243133386,2,GRU,1,[100],2,"[100, 140]","['rpm', 'rpm_delta', 'cmd', 'cmd_delta', 'height', 'vel', 'acc', 'angles', 'rates']"
0.0015576210571452975,4,LSTM,1,[90],2,"[190, 120]","['rpm', 'rpm_delta', 'cmd', 'cmd_delta', 'height', 'vel', 'acc', 'angles', 'rates']"
0.0015577660330260794,7,GRU,1,[100],2,"[190, 90]","['rpm', 'rpm_delta', 'cmd', 'cmd_delta', 'height', 'vel', 'acc', 'angles', 'rates']"
0.0015578966122120619,6,LSTM,1,[100],2,"[190, 90]","['rpm', 'rpm_delta', 'cmd', 'cmd_delta', 'height', 'vel', 'acc', 'angles', 'rates']"
0.0015580065664835274,7,LSTM,2,"[110, 60]",2,"[120, 190]","['rpm', 'rpm_delta', 'cmd', 'cmd_delta', 'height', 'vel', 'acc', 'angles', 'rates']"
0.0015580159961245954,5,MLP,0,[],2,"[150, 130]","['rpm', 'rpm_delta', 'cmd', 'cmd_delta', 'height', 'vel', 'acc', 'angles', 'rates']"
0.0015584570355713367,8,GRU,1,[60],1,[160],"['rpm', 'rpm_delta', 'cmd', 'cmd_delta', 'height', 'vel', 'acc', 'angles', 'rates']"
0.0015589362786461909,7,GRU,1,[90],2,"[120, 140]","['rpm', 'rpm_delta', 'cmd', 'cmd_delta', 'height', 'vel', 'acc', 'angles', 'rates']"
0.001559196738526225,8,LSTM,1,[100],2,"[150, 130]","['rpm', 'rpm_delta', 'cmd', 'cmd_delta', 'height', 'vel', 'acc', 'angles', 'rates']"
0.001559424582713594,3,LSTM,1,[100],2,"[100, 140]","['rpm', 'rpm_delta', 'cmd', 'cmd_delta', 'height', 'vel', 'acc', 'angles', 'rates']"
0.001559834791502605,1,MLP,0,[],2,"[130, 150]","['rpm', 'rpm_delta', 'cmd', 'cmd_delta', 'height', 'vel', 'acc', 'angles', 'rates']"
0.001559834791502605,1,MLP,0,[],2,"[130, 150]","['rpm', 'rpm_delta', 'cmd', 'cmd_delta', 'height', 'vel', 'acc', 'angles', 'rates']"
0.0015599695228350658,10,GRU,1,[60],1,[140],"['rpm', 'rpm_delta', 'cmd', 'cmd_delta', 'height', 'vel', 'acc', 'angles', 'rates']"
0.0015601806032160919,1,MLP,0,[],2,"[100, 150]","['rpm', 'rpm_delta', 'cmd', 'cmd_delta', 'height', 'vel', 'acc', 'angles', 'rates']"
0.0015601806032160919,1,MLP,0,[],2,"[100, 150]","['rpm', 'rpm_delta', 'cmd', 'cmd_delta', 'height', 'vel', 'acc', 'angles', 'rates']"
0.0015605293641177316,5,LSTM,1,[70],1,[80],"['rpm', 'rpm_delta', 'cmd', 'cmd_delta', 'height', 'vel', 'acc', 'angles', 'rates']"
0.0015605371251391869,5,GRU,2,"[100, 90]",2,"[160, 200]","['rpm', 'rpm_delta', 'cmd', 'cmd_delta', 'height', 'vel', 'acc', 'angles', 'rates']"
0.0015606329155464966,0,GRU,1,[80],1,[160],"['rpm', 'rpm_delta', 'cmd', 'cmd_delta', 'height', 'vel', 'acc', 'angles', 'rates']"
0.0015606329155464966,0,GRU,1,[80],1,[160],"['rpm', 'rpm_delta', 'cmd', 'cmd_delta', 'height', 'vel', 'acc', 'angles', 'rates']"
0.0015606560821955402,3,LSTM,1,[60],1,[150],"['rpm', 'rpm_delta', 'cmd', 'cmd_delta', 'height', 'vel', 'acc', 'angles', 'rates']"
0.0015607869524198275,8,MLP,0,[],2,"[90, 150]","['rpm', 'rpm_delta', 'cmd', 'cmd_delta', 'height', 'vel', 'acc', 'angles', 'rates']"
0.0015607951791025698,4,LSTM,1,[110],2,"[170, 120]","['rpm', 'rpm_delta', 'cmd', 'cmd_delta', 'height', 'vel', 'acc', 'angles', 'rates']"
0.0015608742833137512,2,LSTM,1,[90],2,"[120, 140]","['rpm', 'rpm_delta', 'cmd', 'cmd_delta', 'height', 'vel', 'acc', 'angles', 'rates']"
0.0015612068236805499,10,GRU,1,[60],1,[170],"['rpm', 'rpm_delta', 'cmd', 'cmd_delta', 'height', 'vel', 'acc', 'angles', 'rates']"
0.0015612339484505355,7,LSTM,2,"[110, 80]",2,"[140, 190]","['rpm', 'rpm_delta', 'cmd', 'cmd_delta', 'height', 'vel', 'acc', 'angles', 'rates']"
0.0015612639836035669,1,GRU,1,[60],1,[150],"['rpm', 'rpm_delta', 'cmd', 'cmd_delta', 'height', 'vel', 'acc', 'angles', 'rates']"
0.0015612639836035669,1,GRU,1,[60],1,[150],"['rpm', 'rpm_delta', 'cmd', 'cmd_delta', 'height', 'vel', 'acc', 'angles', 'rates']"
0.0015612639836035669,1,GRU,1,[60],1,[150],"['rpm', 'rpm_delta', 'cmd', 'cmd_delta', 'height', 'vel', 'acc', 'angles', 'rates']"
0.0015612639836035669,1,GRU,1,[60],1,[150],"['rpm', 'rpm_delta', 'cmd', 'cmd_delta', 'height', 'vel', 'acc', 'angles', 'rates']"
0.0015613194943095248,8,GRU,1,[60],1,[140],"['rpm', 'rpm_delta', 'cmd', 'cmd_delta', 'height', 'vel', 'acc', 'angles', 'rates']"
0.001561431330628693,1,MLP,0,[],2,"[120, 180]","['rpm', 'rpm_delta', 'cmd', 'cmd_delta', 'height', 'vel', 'acc', 'angles', 'rates']"
0.0015618429946092267,8,LSTM,1,[100],2,"[180, 100]","['rpm', 'rpm_delta', 'cmd', 'cmd_delta', 'height', 'vel', 'acc', 'angles', 'rates']"
0.0015618945471942425,3,GRU,1,[100],2,"[190, 90]","['rpm', 'rpm_delta', 'cmd', 'cmd_delta', 'height', 'vel', 'acc', 'angles', 'rates']"
0.0015619563249250252,4,LSTM,2,"[110, 90]",2,"[160, 190]","['rpm', 'rpm_delta', 'cmd', 'cmd_delta', 'height', 'vel', 'acc', 'angles', 'rates']"
0.001562008090938131,2,GRU,1,[90],2,"[110, 150]","['rpm', 'rpm_delta', 'cmd', 'cmd_delta', 'height', 'vel', 'acc', 'angles', 'rates']"
0.0015620668224679928,3,MLP,0,[],2,"[140, 180]","['rpm', 'rpm_delta', 'cmd', 'cmd_delta', 'height', 'vel', 'acc', 'angles', 'rates']"
0.0015622649031380813,4,LSTM,1,[100],2,"[190, 90]","['rpm', 'rpm_delta', 'cmd', 'cmd_delta', 'height', 'vel', 'acc', 'angles', 'rates']"
0.001562311896122992,9,GRU,2,"[110, 80]",2,"[180, 200]","['rpm', 'rpm_delta', 'cmd', 'cmd_delta', 'height', 'vel', 'acc', 'angles', 'rates']"
0.0015623177944992979,1,LSTM,1,[90],2,"[120, 140]","['rpm', 'rpm_delta', 'cmd', 'cmd_delta', 'height', 'vel', 'acc', 'angles', 'rates']"
0.0015633895721596975,2,GRU,1,[90],2,"[100, 130]","['rpm', 'rpm_delta', 'cmd', 'cmd_delta', 'height', 'vel', 'acc', 'angles', 'rates']"
0.0015634006510178249,3,MLP,0,[],2,"[130, 180]","['rpm', 'rpm_delta', 'cmd', 'cmd_delta', 'height', 'vel', 'acc', 'angles', 'rates']"
0.001563810568768531,3,GRU,1,[90],2,"[120, 140]","['rpm', 'rpm_delta', 'cmd', 'cmd_delta', 'height', 'vel', 'acc', 'angles', 'rates']"
0.001563896929534773,4,LSTM,1,[90],2,"[120, 140]","['rpm', 'rpm_delta', 'cmd', 'cmd_delta', 'height', 'vel', 'acc', 'angles', 'rates']"
0.0015643570804968476,8,GRU,1,[90],2,"[120, 140]","['rpm', 'rpm_delta', 'cmd', 'cmd_delta', 'height', 'vel', 'acc', 'angles', 'rates']"
0.0015643670340068638,1,MLP,0,[],2,"[110, 150]","['rpm', 'rpm_delta', 'cmd', 'cmd_delta', 'height', 'vel', 'acc', 'angles', 'rates']"
0.0015645389988397558,0,MLP,0,[],2,"[130, 150]","['rpm', 'rpm_delta', 'cmd', 'cmd_delta', 'height', 'vel', 'acc', 'angles', 'rates']"
0.00156466649301971,3,LSTM,1,[80],2,"[140, 140]","['rpm', 'rpm_delta', 'cmd', 'cmd_delta', 'height', 'vel', 'acc', 'angles', 'rates']"
0.0015646829851903021,0,MLP,0,[],2,"[130, 170]","['rpm', 'rpm_delta', 'cmd', 'cmd_delta', 'height', 'vel', 'acc', 'angles', 'rates']"
0.0015647006027090053,1,LSTM,1,[90],2,"[80, 110]","['rpm', 'rpm_delta', 'cmd', 'cmd_delta', 'height', 'vel', 'acc', 'angles', 'rates']"
0.0015647006027090053,1,LSTM,1,[90],2,"[80, 110]","['rpm', 'rpm_delta', 'cmd', 'cmd_delta', 'height', 'vel', 'acc', 'angles', 'rates']"
0.00156524635773773,2,GRU,1,[90],2,"[110, 170]","['rpm', 'rpm_delta', 'cmd', 'cmd_delta', 'height', 'vel', 'acc', 'angles', 'rates']"
0.0015653048758395016,9,MLP,0,[],2,"[170, 140]","['rpm', 'rpm_delta', 'cmd', 'cmd_delta', 'height', 'vel', 'acc', 'angles', 'rates']"
0.0015653048758395016,9,MLP,0,[],2,"[170, 140]","['rpm', 'rpm_delta', 'cmd', 'cmd_delta', 'height', 'vel', 'acc', 'angles', 'rates']"
0.0015653166725921135,5,LSTM,1,[110],2,"[200, 70]","['rpm', 'rpm_delta', 'cmd', 'cmd_delta', 'height', 'vel', 'acc', 'angles', 'rates']"
0.0015655581761772435,3,LSTM,1,[100],2,"[190, 90]","['rpm', 'rpm_delta', 'cmd', 'cmd_delta', 'height', 'vel', 'acc', 'angles', 'rates']"
0.001565918093547225,5,LSTM,1,[110],2,"[170, 120]","['rpm', 'rpm_delta', 'cmd', 'cmd_delta', 'height', 'vel', 'acc', 'angles', 'rates']"
0.001566003852834304,1,LSTM,1,[90],2,"[100, 110]","['rpm', 'rpm_delta', 'cmd', 'cmd_delta', 'height', 'vel', 'acc', 'angles', 'rates']"
0.0015662622560436528,4,LSTM,1,[100],2,"[160, 130]","['rpm', 'rpm_delta', 'cmd', 'cmd_delta', 'height', 'vel', 'acc', 'angles', 'rates']"
0.0015662624888742964,8,LSTM,1,[90],2,"[120, 140]","['rpm', 'rpm_delta', 'cmd', 'cmd_delta', 'height', 'vel', 'acc', 'angles', 'rates']"
0.0015663482481613755,9,LSTM,2,"[110, 90]",2,"[160, 190]","['rpm', 'rpm_delta', 'cmd', 'cmd_delta', 'height', 'vel', 'acc', 'angles', 'rates']"
0.0015664343372918665,1,LSTM,1,[90],2,"[130, 140]","['rpm', 'rpm_delta', 'cmd', 'cmd_delta', 'height', 'vel', 'acc', 'angles', 'rates']"
0.0015666413819417357,0,MLP,0,[],2,"[160, 180]","['rpm', 'rpm_delta', 'cmd', 'cmd_delta', 'height', 'vel', 'acc', 'angles', 'rates']"
0.0015667272576441367,9,MLP,0,[],2,"[200, 150]","['rpm', 'rpm_delta', 'cmd', 'cmd_delta', 'height', 'vel', 'acc', 'angles', 'rates']"
0.0015668538787091772,3,LSTM,1,[80],2,"[110, 160]","['rpm', 'rpm_delta', 'cmd', 'cmd_delta', 'height', 'vel', 'acc', 'angles', 'rates']"
0.001567293443561842,9,LSTM,1,[90],2,"[100, 150]","['rpm', 'rpm_delta', 'cmd', 'cmd_delta', 'height', 'vel', 'acc', 'angles', 'rates']"
0.0015673706657253206,0,LSTM,1,[50],1,[150],"['rpm', 'rpm_delta', 'cmd', 'cmd_delta', 'height', 'vel', 'acc', 'angles', 'rates']"
0.0015674269913385312,6,GRU,1,[90],2,"[120, 140]","['rpm', 'rpm_delta', 'cmd', 'cmd_delta', 'height', 'vel', 'acc', 'angles', 'rates']"
0.001567650663976868,4,GRU,2,"[110, 90]",2,"[160, 190]","['rpm', 'rpm_delta', 'cmd', 'cmd_delta', 'height', 'vel', 'acc', 'angles', 'rates']"
0.0015680219318407278,2,GRU,1,[110],2,"[200, 70]","['rpm', 'rpm_delta', 'cmd', 'cmd_delta', 'height', 'vel', 'acc', 'angles', 'rates']"
0.0015681339233803253,8,LSTM,2,"[80, 70]",1,[50],"['rpm', 'rpm_delta', 'cmd', 'cmd_delta', 'height', 'vel', 'acc', 'angles', 'rates']"
0.0015682160543898742,3,LSTM,1,[90],2,"[100, 140]","['rpm', 'rpm_delta', 'cmd', 'cmd_delta', 'height', 'vel', 'acc', 'angles', 'rates']"
0.0015682282585961123,6,GRU,1,[100],2,"[190, 90]","['rpm', 'rpm_delta', 'cmd', 'cmd_delta', 'height', 'vel', 'acc', 'angles', 'rates']"
0.001568614854477346,4,GRU,1,[80],2,"[110, 140]","['rpm', 'rpm_delta', 'cmd', 'cmd_delta', 'height', 'vel', 'acc', 'angles', 'rates']"
0.0015686332480981946,5,LSTM,1,[90],2,"[200, 90]","['rpm', 'rpm_delta', 'cmd', 'cmd_delta', 'height', 'vel', 'acc', 'angles', 'rates']"
0.0015686475477802257,5,LSTM,1,[120],2,"[180, 100]","['rpm', 'rpm_delta', 'cmd', 'cmd_delta', 'height', 'vel', 'acc', 'angles', 'rates']"
0.001568942660621057,6,MLP,0,[],2,"[130, 150]","['rpm', 'rpm_delta', 'cmd', 'cmd_delta', 'height', 'vel', 'acc', 'angles', 'rates']"
0.001568942660621057,6,MLP,0,[],2,"[130, 150]","['rpm', 'rpm_delta', 'cmd', 'cmd_delta', 'height', 'vel', 'acc', 'angles', 'rates']"
0.0015696607491311927,3,MLP,0,[],2,"[140, 190]","['rpm', 'rpm_delta', 'cmd', 'cmd_delta', 'height', 'vel', 'acc', 'angles', 'rates']"
0.0015700457346004744,0,GRU,1,[70],1,[150],"['rpm', 'rpm_delta', 'cmd', 'cmd_delta', 'height', 'vel', 'acc', 'angles', 'rates']"
0.0015702871217702825,1,GRU,1,[60],1,[160],"['rpm', 'rpm_delta', 'cmd', 'cmd_delta', 'height', 'vel', 'acc', 'angles', 'rates']"
0.0015705973103952904,3,LSTM,1,[100],2,"[130, 120]","['rpm', 'rpm_delta', 'cmd', 'cmd_delta', 'height', 'vel', 'acc', 'angles', 'rates']"
0.0015708752519761522,1,GRU,2,"[110, 90]",2,"[160, 190]","['rpm', 'rpm_delta', 'cmd', 'cmd_delta', 'height', 'vel', 'acc', 'angles', 'rates']"
0.0015709011543852587,9,LSTM,2,"[80, 70]",1,[50],"['rpm', 'rpm_delta', 'cmd', 'cmd_delta', 'height', 'vel', 'acc', 'angles', 'rates']"
0.0015709459160765011,1,LSTM,2,"[110, 90]",2,"[160, 190]","['rpm', 'rpm_delta', 'cmd', 'cmd_delta', 'height', 'vel', 'acc', 'angles', 'rates']"
0.001571131288073957,4,LSTM,1,[100],2,"[150, 100]","['rpm', 'rpm_delta', 'cmd', 'cmd_delta', 'height', 'vel', 'acc', 'angles', 'rates']"
0.0015712006910083194,10,MLP,0,[],2,"[130, 150]","['rpm', 'rpm_delta', 'cmd', 'cmd_delta', 'height', 'vel', 'acc', 'angles', 'rates']"
0.0015717054096361,0,MLP,0,[],1,[100],"['rpm', 'rpm_delta', 'cmd', 'cmd_delta', 'height', 'vel', 'acc', 'angles', 'rates']"
0.001572263427078724,2,MLP,0,[],1,[150],"['rpm', 'rpm_delta', 'cmd', 'cmd_delta', 'height', 'vel', 'acc', 'angles', 'rates']"
0.001572263427078724,2,MLP,0,[],1,[150],"['rpm', 'rpm_delta', 'cmd', 'cmd_delta', 'height', 'vel', 'acc', 'angles', 'rates']"
0.001572263427078724,2,MLP,0,[],1,[150],"['rpm', 'rpm_delta', 'cmd', 'cmd_delta', 'height', 'vel', 'acc', 'angles', 'rates']"
0.001572263427078724,2,MLP,0,[],1,[150],"['rpm', 'rpm_delta', 'cmd', 'cmd_delta', 'height', 'vel', 'acc', 'angles', 'rates']"
0.0015728905758199592,3,MLP,0,[],2,"[150, 170]","['rpm', 'rpm_delta', 'cmd', 'cmd_delta', 'height', 'vel', 'acc', 'angles', 'rates']"
0.0015729871035243075,6,LSTM,1,[60],1,[150],"['rpm', 'rpm_delta', 'cmd', 'cmd_delta', 'height', 'vel', 'acc', 'angles', 'rates']"
0.0015730945936714609,3,LSTM,1,[70],1,[80],"['rpm', 'rpm_delta', 'cmd', 'cmd_delta', 'height', 'vel', 'acc', 'angles', 'rates']"
0.0015734548408848543,3,LSTM,2,"[110, 90]",2,"[160, 190]","['rpm', 'rpm_delta', 'cmd', 'cmd_delta', 'height', 'vel', 'acc', 'angles', 'rates']"
0.0015736076359947522,1,GRU,1,[90],2,"[120, 140]","['rpm', 'rpm_delta', 'cmd', 'cmd_delta', 'height', 'vel', 'acc', 'angles', 'rates']"
0.0015738893610735734,8,GRU,1,[70],1,[80],"['rpm', 'rpm_delta', 'cmd', 'cmd_delta', 'height', 'vel', 'acc', 'angles', 'rates']"
0.001573963634048899,4,LSTM,1,[70],1,[80],"['rpm', 'rpm_delta', 'cmd', 'cmd_delta', 'height', 'vel', 'acc', 'angles', 'rates']"
0.0015743411301324766,5,MLP,0,[],2,"[150, 140]","['rpm', 'rpm_delta', 'cmd', 'cmd_delta', 'height', 'vel', 'acc', 'angles', 'rates']"
0.0015743411301324766,5,MLP,0,[],2,"[150, 140]","['rpm', 'rpm_delta', 'cmd', 'cmd_delta', 'height', 'vel', 'acc', 'angles', 'rates']"
0.0015745105338282883,7,MLP,0,[],2,"[160, 160]","['rpm', 'rpm_delta', 'cmd', 'cmd_delta', 'height', 'vel', 'acc', 'angles', 'rates']"
0.0015745954782081146,5,GRU,1,[90],2,"[120, 140]","['rpm', 'rpm_delta', 'cmd', 'cmd_delta', 'height', 'vel', 'acc', 'angles', 'rates']"
0.0015750733631042142,2,MLP,0,[],1,[160],"['rpm', 'rpm_delta', 'cmd', 'cmd_delta', 'height', 'vel', 'acc', 'angles', 'rates']"
0.0015752152539789677,8,LSTM,1,[110],2,"[180, 110]","['rpm', 'rpm_delta', 'cmd', 'cmd_delta', 'height', 'vel', 'acc', 'angles', 'rates']"
0.0015752191732948024,1,GRU,1,[50],1,[140],"['rpm', 'rpm_delta', 'cmd', 'cmd_delta', 'height', 'vel', 'acc', 'angles', 'rates']"
0.0015752338028202455,7,LSTM,2,"[110, 90]",2,"[160, 190]","['rpm', 'rpm_delta', 'cmd', 'cmd_delta', 'height', 'vel', 'acc', 'angles', 'rates']"
0.0015752655259954433,3,GRU,1,[60],1,[150],"['rpm', 'rpm_delta', 'cmd', 'cmd_delta', 'height', 'vel', 'acc', 'angles', 'rates']"
0.0015755261410959065,4,MLP,0,[],2,"[130, 150]","['rpm', 'rpm_delta', 'cmd', 'cmd_delta', 'height', 'vel', 'acc', 'angles', 'rates']"
0.0015755261410959065,4,MLP,0,[],2,"[130, 150]","['rpm', 'rpm_delta', 'cmd', 'cmd_delta', 'height', 'vel', 'acc', 'angles', 'rates']"
0.0015755261410959065,4,MLP,0,[],2,"[130, 150]","['rpm', 'rpm_delta', 'cmd', 'cmd_delta', 'height', 'vel', 'acc', 'angles', 'rates']"
0.0015755768011634548,9,MLP,0,[],2,"[190, 140]","['rpm', 'rpm_delta', 'cmd', 'cmd_delta', 'height', 'vel', 'acc', 'angles', 'rates']"
0.0015756262000650167,2,GRU,1,[110],2,"[120, 140]","['rpm', 'rpm_delta', 'cmd', 'cmd_delta', 'height', 'vel', 'acc', 'angles', 'rates']"
0.0015758272881309192,7,GRU,1,[70],1,[150],"['rpm', 'rpm_delta', 'cmd', 'cmd_delta', 'height', 'vel', 'acc', 'angles', 'rates']"
0.001575845933984965,9,GRU,1,[90],2,"[120, 140]","['rpm', 'rpm_delta', 'cmd', 'cmd_delta', 'height', 'vel', 'acc', 'angles', 'rates']"
0.0015759667536864679,3,LSTM,1,[80],2,"[120, 140]","['rpm', 'rpm_delta', 'cmd', 'cmd_delta', 'height', 'vel', 'acc', 'angles', 'rates']"
0.001576301408931613,4,MLP,0,[],2,"[130, 160]","['rpm', 'rpm_delta', 'cmd', 'cmd_delta', 'height', 'vel', 'acc', 'angles', 'rates']"
0.0015765187757400174,1,GRU,1,[60],1,[170],"['rpm', 'rpm_delta', 'cmd', 'cmd_delta', 'height', 'vel', 'acc', 'angles', 'rates']"
0.0015768001321703196,1,MLP,0,[],2,"[100, 60]","['rpm', 'rpm_delta', 'cmd', 'cmd_delta', 'height', 'vel', 'acc', 'angles', 'rates']"
0.00157686707098037,0,GRU,1,[70],1,[170],"['rpm', 'rpm_delta', 'cmd', 'cmd_delta', 'height', 'vel', 'acc', 'angles', 'rates']"
0.0015770253376103938,4,MLP,0,[],2,"[120, 130]","['rpm', 'rpm_delta', 'cmd', 'cmd_delta', 'height', 'vel', 'acc', 'angles', 'rates']"
0.0015770669948930542,10,GRU,1,[100],2,"[190, 90]","['rpm', 'rpm_delta', 'cmd', 'cmd_delta', 'height', 'vel', 'acc', 'angles', 'rates']"
0.0015778314943114917,5,MLP,0,[],2,"[150, 150]","['rpm', 'rpm_delta', 'cmd', 'cmd_delta', 'height', 'vel', 'acc', 'angles', 'rates']"
0.0015779081732034683,4,LSTM,1,[110],2,"[170, 140]","['rpm', 'rpm_delta', 'cmd', 'cmd_delta', 'height', 'vel', 'acc', 'angles', 'rates']"
0.0015779562721339364,9,LSTM,1,[70],1,[80],"['rpm', 'rpm_delta', 'cmd', 'cmd_delta', 'height', 'vel', 'acc', 'angles', 'rates']"
0.0015781625212791066,9,MLP,0,[],2,"[170, 160]","['rpm', 'rpm_delta', 'cmd', 'cmd_delta', 'height', 'vel', 'acc', 'angles', 'rates']"
0.0015782822156324983,5,GRU,2,"[80, 70]",1,[50],"['rpm', 'rpm_delta', 'cmd', 'cmd_delta', 'height', 'vel', 'acc', 'angles', 'rates']"
0.0015783905206869047,5,GRU,1,[70],1,[80],"['rpm', 'rpm_delta', 'cmd', 'cmd_delta', 'height', 'vel', 'acc', 'angles', 'rates']"
0.0015785869909450412,1,MLP,0,[],2,"[120, 160]","['rpm', 'rpm_delta', 'cmd', 'cmd_delta', 'height', 'vel', 'acc', 'angles', 'rates']"
0.0015789578901603818,2,MLP,0,[],2,"[130, 150]","['rpm', 'rpm_delta', 'cmd', 'cmd_delta', 'height', 'vel', 'acc', 'angles', 'rates']"
0.0015790290005194645,5,LSTM,2,"[80, 70]",1,[50],"['rpm', 'rpm_delta', 'cmd', 'cmd_delta', 'height', 'vel', 'acc', 'angles', 'rates']"
0.0015791411666820447,3,MLP,0,[],2,"[150, 200]","['rpm', 'rpm_delta', 'cmd', 'cmd_delta', 'height', 'vel', 'acc', 'angles', 'rates']"
0.0015793266550948222,4,LSTM,1,[60],1,[150],"['rpm', 'rpm_delta', 'cmd', 'cmd_delta', 'height', 'vel', 'acc', 'angles', 'rates']"
0.0015793981729075313,8,MLP,0,[],2,"[90, 140]","['rpm', 'rpm_delta', 'cmd', 'cmd_delta', 'height', 'vel', 'acc', 'angles', 'rates']"
0.0015795254342568417,2,GRU,2,"[110, 90]",2,"[160, 190]","['rpm', 'rpm_delta', 'cmd', 'cmd_delta', 'height', 'vel', 'acc', 'angles', 'rates']"
0.0015797297043415408,1,MLP,0,[],1,[150],"['rpm', 'rpm_delta', 'cmd', 'cmd_delta', 'height', 'vel', 'acc', 'angles', 'rates']"
0.00158003638110434,7,LSTM,1,[90],2,"[120, 140]","['rpm', 'rpm_delta', 'cmd', 'cmd_delta', 'height', 'vel', 'acc', 'angles', 'rates']"
0.00158027617726475,7,MLP,0,[],2,"[190, 150]","['rpm', 'rpm_delta', 'cmd', 'cmd_delta', 'height', 'vel', 'acc', 'angles', 'rates']"
0.0015806594553093116,4,MLP,0,[],2,"[110, 170]","['rpm', 'rpm_delta', 'cmd', 'cmd_delta', 'height', 'vel', 'acc', 'angles', 'rates']"
0.0015806741430424154,10,LSTM,2,"[80, 70]",1,[50],"['rpm', 'rpm_delta', 'cmd', 'cmd_delta', 'height', 'vel', 'acc', 'angles', 'rates']"
0.0015808969425658386,1,GRU,1,[70],1,[140],"['rpm', 'rpm_delta', 'cmd', 'cmd_delta', 'height', 'vel', 'acc', 'angles', 'rates']"
0.0015818074073952932,4,GRU,1,[60],1,[150],"['rpm', 'rpm_delta', 'cmd', 'cmd_delta', 'height', 'vel', 'acc', 'angles', 'rates']"
0.0015819037798792124,7,LSTM,2,"[80, 70]",1,[50],"['rpm', 'rpm_delta', 'cmd', 'cmd_delta', 'height', 'vel', 'acc', 'angles', 'rates']"
0.001582757628057152,0,GRU,1,[90],1,[160],"['rpm', 'rpm_delta', 'cmd', 'cmd_delta', 'height', 'vel', 'acc', 'angles', 'rates']"
0.001582757628057152,0,GRU,1,[90],1,[160],"['rpm', 'rpm_delta', 'cmd', 'cmd_delta', 'height', 'vel', 'acc', 'angles', 'rates']"
0.0015828009539594252,3,MLP,0,[],2,"[130, 150]","['rpm', 'rpm_delta', 'cmd', 'cmd_delta', 'height', 'vel', 'acc', 'angles', 'rates']"
0.00158300898813953,9,MLP,0,[],2,"[170, 120]","['rpm', 'rpm_delta', 'cmd', 'cmd_delta', 'height', 'vel', 'acc', 'angles', 'rates']"
0.0015830102881106238,0,MLP,0,[],1,[150],"['rpm', 'rpm_delta', 'cmd', 'cmd_delta', 'height', 'vel', 'acc', 'angles', 'rates']"
0.0015832940116524696,6,LSTM,2,"[110, 90]",2,"[190, 200]","['rpm', 'rpm_delta', 'cmd', 'cmd_delta', 'height', 'vel', 'acc', 'angles', 'rates']"
0.001583404082339257,10,GRU,1,[90],2,"[120, 140]","['rpm', 'rpm_delta', 'cmd', 'cmd_delta', 'height', 'vel', 'acc', 'angles', 'rates']"
0.0015838823552864294,8,GRU,2,"[110, 90]",2,"[160, 190]","['rpm', 'rpm_delta', 'cmd', 'cmd_delta', 'height', 'vel', 'acc', 'angles', 'rates']"
0.0015840611110130947,0,LSTM,1,[50],1,[160],"['rpm', 'rpm_delta', 'cmd', 'cmd_delta', 'height', 'vel', 'acc', 'angles', 'rates']"
0.0015842382757303615,2,GRU,1,[60],1,[150],"['rpm', 'rpm_delta', 'cmd', 'cmd_delta', 'height', 'vel', 'acc', 'angles', 'rates']"
0.0015845892097180088,4,GRU,1,[70],1,[80],"['rpm', 'rpm_delta', 'cmd', 'cmd_delta', 'height', 'vel', 'acc', 'angles', 'rates']"
0.0015853439108468592,1,GRU,1,[100],2,"[190, 90]","['rpm', 'rpm_delta', 'cmd', 'cmd_delta', 'height', 'vel', 'acc', 'angles', 'rates']"
0.0015855102295366426,7,GRU,1,[60],1,[140],"['rpm', 'rpm_delta', 'cmd', 'cmd_delta', 'height', 'vel', 'acc', 'angles', 'rates']"
0.0015857367931554716,1,LSTM,1,[90],2,"[60, 140]","['rpm', 'rpm_delta', 'cmd', 'cmd_delta', 'height', 'vel', 'acc', 'angles', 'rates']"
0.001585831050761044,10,LSTM,1,[90],2,"[140, 180]","['rpm', 'rpm_delta', 'cmd', 'cmd_delta', 'height', 'vel', 'acc', 'angles', 'rates']"
0.0015859309351071715,1,LSTM,1,[60],1,[150],"['rpm', 'rpm_delta', 'cmd', 'cmd_delta', 'height', 'vel', 'acc', 'angles', 'rates']"
0.0015860160735125344,6,LSTM,1,[70],1,[80],"['rpm', 'rpm_delta', 'cmd', 'cmd_delta', 'height', 'vel', 'acc', 'angles', 'rates']"
0.0015860889106988907,9,GRU,2,"[110, 90]",2,"[150, 200]","['rpm', 'rpm_delta', 'cmd', 'cmd_delta', 'height', 'vel', 'acc', 'angles', 'rates']"
0.0015866666605385642,2,LSTM,2,"[110, 90]",2,"[150, 180]","['rpm', 'rpm_delta', 'cmd', 'cmd_delta', 'height', 'vel', 'acc', 'angles', 'rates']"
0.0015867880429141223,7,LSTM,1,[70],1,[80],"['rpm', 'rpm_delta', 'cmd', 'cmd_delta', 'height', 'vel', 'acc', 'angles', 'rates']"
0.0015868941748825212,5,LSTM,1,[90],2,"[120, 140]","['rpm', 'rpm_delta', 'cmd', 'cmd_delta', 'height', 'vel', 'acc', 'angles', 'rates']"
0.0015869355023217697,9,MLP,0,[],2,"[160, 140]","['rpm', 'rpm_delta', 'cmd', 'cmd_delta', 'height', 'vel', 'acc', 'angles', 'rates']"
0.0015871404320932925,7,LSTM,1,[100],2,"[190, 90]","['rpm', 'rpm_delta', 'cmd', 'cmd_delta', 'height', 'vel', 'acc', 'angles', 'rates']"
0.00158777132552738,6,MLP,0,[],2,"[130, 160]","['rpm', 'rpm_delta', 'cmd', 'cmd_delta', 'height', 'vel', 'acc', 'angles', 'rates']"
0.001588267021967719,8,LSTM,1,[70],1,[80],"['rpm', 'rpm_delta', 'cmd', 'cmd_delta', 'height', 'vel', 'acc', 'angles', 'rates']"
0.001588658681915452,9,MLP,0,[],2,"[180, 140]","['rpm', 'rpm_delta', 'cmd', 'cmd_delta', 'height', 'vel', 'acc', 'angles', 'rates']"
0.001588658681915452,9,MLP,0,[],2,"[180, 140]","['rpm', 'rpm_delta', 'cmd', 'cmd_delta', 'height', 'vel', 'acc', 'angles', 'rates']"
0.0015887626602003972,7,LSTM,1,[60],1,[150],"['rpm', 'rpm_delta', 'cmd', 'cmd_delta', 'height', 'vel', 'acc', 'angles', 'rates']"
0.001588812660581122,4,MLP,0,[],2,"[160, 150]","['rpm', 'rpm_delta', 'cmd', 'cmd_delta', 'height', 'vel', 'acc', 'angles', 'rates']"
0.0015892005564334493,5,GRU,1,[60],1,[150],"['rpm', 'rpm_delta', 'cmd', 'cmd_delta', 'height', 'vel', 'acc', 'angles', 'rates']"
0.0015894344736201067,6,GRU,1,[70],1,[80],"['rpm', 'rpm_delta', 'cmd', 'cmd_delta', 'height', 'vel', 'acc', 'angles', 'rates']"
0.0015899016871117055,3,MLP,0,[],1,[150],"['rpm', 'rpm_delta', 'cmd', 'cmd_delta', 'height', 'vel', 'acc', 'angles', 'rates']"
0.0015899105734812717,8,GRU,1,[100],2,"[190, 90]","['rpm', 'rpm_delta', 'cmd', 'cmd_delta', 'height', 'vel', 'acc', 'angles', 'rates']"
0.001590138126630336,6,MLP,0,[],2,"[130, 140]","['rpm', 'rpm_delta', 'cmd', 'cmd_delta', 'height', 'vel', 'acc', 'angles', 'rates']"
0.001590138126630336,6,MLP,0,[],2,"[130, 140]","['rpm', 'rpm_delta', 'cmd', 'cmd_delta', 'height', 'vel', 'acc', 'angles', 'rates']"
0.0015902355274495978,8,LSTM,1,[90],2,"[200, 70]","['rpm', 'rpm_delta', 'cmd', 'cmd_delta', 'height', 'vel', 'acc', 'angles', 'rates']"
0.001590472743070374,10,GRU,2,"[80, 70]",1,[50],"['rpm', 'rpm_delta', 'cmd', 'cmd_delta', 'height', 'vel', 'acc', 'angles', 'rates']"
0.0015911017544567585,5,MLP,0,[],2,"[130, 150]","['rpm', 'rpm_delta', 'cmd', 'cmd_delta', 'height', 'vel', 'acc', 'angles', 'rates']"
0.001591376552823931,10,LSTM,1,[100],2,"[190, 90]","['rpm', 'rpm_delta', 'cmd', 'cmd_delta', 'height', 'vel', 'acc', 'angles', 'rates']"
0.0015914670657366514,5,MLP,0,[],2,"[170, 130]","['rpm', 'rpm_delta', 'cmd', 'cmd_delta', 'height', 'vel', 'acc', 'angles', 'rates']"
0.001591944737204661,5,GRU,1,[100],2,"[190, 90]","['rpm', 'rpm_delta', 'cmd', 'cmd_delta', 'height', 'vel', 'acc', 'angles', 'rates']"
0.001592005816443513,0,GRU,1,[60],1,[150],"['rpm', 'rpm_delta', 'cmd', 'cmd_delta', 'height', 'vel', 'acc', 'angles', 'rates']"
0.001592031951683263,10,GRU,2,"[110, 90]",2,"[160, 190]","['rpm', 'rpm_delta', 'cmd', 'cmd_delta', 'height', 'vel', 'acc', 'angles', 'rates']"
0.001592337153851986,0,LSTM,1,[50],1,[190],"['rpm', 'rpm_delta', 'cmd', 'cmd_delta', 'height', 'vel', 'acc', 'angles', 'rates']"
0.0015924593511347969,0,MLP,0,[],2,"[170, 50]","['rpm', 'rpm_delta', 'cmd', 'cmd_delta', 'height', 'vel', 'acc', 'angles', 'rates']"
0.0015934999100863934,2,MLP,0,[],2,"[170, 50]","['rpm', 'rpm_delta', 'cmd', 'cmd_delta', 'height', 'vel', 'acc', 'angles', 'rates']"
0.001593511551618576,1,GRU,1,[70],1,[150],"['rpm', 'rpm_delta', 'cmd', 'cmd_delta', 'height', 'vel', 'acc', 'angles', 'rates']"
0.001595081645064056,1,LSTM,1,[90],2,"[130, 160]","['rpm', 'rpm_delta', 'cmd', 'cmd_delta', 'height', 'vel', 'acc', 'angles', 'rates']"
0.0015954835107550025,7,MLP,0,[],1,[100],"['rpm', 'rpm_delta', 'cmd', 'cmd_delta', 'height', 'vel', 'acc', 'angles', 'rates']"
0.0015963180727946262,9,GRU,1,[70],1,[80],"['rpm', 'rpm_delta', 'cmd', 'cmd_delta', 'height', 'vel', 'acc', 'angles', 'rates']"
0.0015963333232017856,2,GRU,1,[90],2,"[110, 140]","['rpm', 'rpm_delta', 'cmd', 'cmd_delta', 'height', 'vel', 'acc', 'angles', 'rates']"
0.0015964468475431204,2,MLP,0,[],2,"[100, 60]","['rpm', 'rpm_delta', 'cmd', 'cmd_delta', 'height', 'vel', 'acc', 'angles', 'rates']"
0.0015964915898318093,2,GRU,1,[70],1,[80],"['rpm', 'rpm_delta', 'cmd', 'cmd_delta', 'height', 'vel', 'acc', 'angles', 'rates']"
0.0015968613636990388,0,LSTM,1,[60],1,[150],"['rpm', 'rpm_delta', 'cmd', 'cmd_delta', 'height', 'vel', 'acc', 'angles', 'rates']"
0.0015968613636990388,0,LSTM,1,[60],1,[150],"['rpm', 'rpm_delta', 'cmd', 'cmd_delta', 'height', 'vel', 'acc', 'angles', 'rates']"
0.0015968613636990388,0,LSTM,1,[60],1,[150],"['rpm', 'rpm_delta', 'cmd', 'cmd_delta', 'height', 'vel', 'acc', 'angles', 'rates']"
0.0015972678277951975,6,LSTM,2,"[80, 70]",1,[50],"['rpm', 'rpm_delta', 'cmd', 'cmd_delta', 'height', 'vel', 'acc', 'angles', 'rates']"
0.0015975821879692376,10,GRU,1,[70],1,[80],"['rpm', 'rpm_delta', 'cmd', 'cmd_delta', 'height', 'vel', 'acc', 'angles', 'rates']"
0.0015976381837390363,4,MLP,0,[],2,"[120, 140]","['rpm', 'rpm_delta', 'cmd', 'cmd_delta', 'height', 'vel', 'acc', 'angles', 'rates']"
0.0015980421061006684,7,MLP,0,[],2,"[130, 150]","['rpm', 'rpm_delta', 'cmd', 'cmd_delta', 'height', 'vel', 'acc', 'angles', 'rates']"
0.001598772165986399,7,MLP,0,[],2,"[180, 160]","['rpm', 'rpm_delta', 'cmd', 'cmd_delta', 'height', 'vel', 'acc', 'angles', 'rates']"
0.0015996112100159128,6,GRU,2,"[80, 70]",1,[50],"['rpm', 'rpm_delta', 'cmd', 'cmd_delta', 'height', 'vel', 'acc', 'angles', 'rates']"
0.0015997117540488641,8,MLP,0,[],2,"[110, 170]","['rpm', 'rpm_delta', 'cmd', 'cmd_delta', 'height', 'vel', 'acc', 'angles', 'rates']"
0.0016005981791143615,6,MLP,0,[],2,"[170, 50]","['rpm', 'rpm_delta', 'cmd', 'cmd_delta', 'height', 'vel', 'acc', 'angles', 'rates']"
0.00160061337131386,4,GRU,2,"[80, 70]",1,[50],"['rpm', 'rpm_delta', 'cmd', 'cmd_delta', 'height', 'vel', 'acc', 'angles', 'rates']"
0.0016007363835039239,0,LSTM,1,[50],1,[170],"['rpm', 'rpm_delta', 'cmd', 'cmd_delta', 'height', 'vel', 'acc', 'angles', 'rates']"
0.0016007827362045646,4,MLP,0,[],2,"[120, 120]","['rpm', 'rpm_delta', 'cmd', 'cmd_delta', 'height', 'vel', 'acc', 'angles', 'rates']"
0.0016011869302019477,0,GRU,1,[90],2,"[120, 140]","['rpm', 'rpm_delta', 'cmd', 'cmd_delta', 'height', 'vel', 'acc', 'angles', 'rates']"
0.0016011994836541514,8,MLP,0,[],2,"[90, 160]","['rpm', 'rpm_delta', 'cmd', 'cmd_delta', 'height', 'vel', 'acc', 'angles', 'rates']"
0.0016014263189087312,5,LSTM,2,"[110, 90]",2,"[160, 190]","['rpm', 'rpm_delta', 'cmd', 'cmd_delta', 'height', 'vel', 'acc', 'angles', 'rates']"
0.0016021871124394238,5,LSTM,1,[60],1,[150],"['rpm', 'rpm_delta', 'cmd', 'cmd_delta', 'height', 'vel', 'acc', 'angles', 'rates']"
0.0016024056628036003,7,GRU,2,"[80, 70]",1,[50],"['rpm', 'rpm_delta', 'cmd', 'cmd_delta', 'height', 'vel', 'acc', 'angles', 'rates']"
0.0016025247944829364,1,LSTM,1,[90],2,"[130, 110]","['rpm', 'rpm_delta', 'cmd', 'cmd_delta', 'height', 'vel', 'acc', 'angles', 'rates']"
0.0016026165491590898,6,MLP,0,[],2,"[100, 60]","['rpm', 'rpm_delta', 'cmd', 'cmd_delta', 'height', 'vel', 'acc', 'angles', 'rates']"
0.0016026816059214373,7,MLP,0,[],2,"[150, 170]","['rpm', 'rpm_delta', 'cmd', 'cmd_delta', 'height', 'vel', 'acc', 'angles', 'rates']"
0.001602732304794093,4,MLP,0,[],1,[150],"['rpm', 'rpm_delta', 'cmd', 'cmd_delta', 'height', 'vel', 'acc', 'angles', 'rates']"
0.0016030580930722256,1,GRU,1,[50],1,[150],"['rpm', 'rpm_delta', 'cmd', 'cmd_delta', 'height', 'vel', 'acc', 'angles', 'rates']"
0.0016036749778625865,7,GRU,1,[70],1,[80],"['rpm', 'rpm_delta', 'cmd', 'cmd_delta', 'height', 'vel', 'acc', 'angles', 'rates']"
0.0016037937602959573,9,GRU,2,"[80, 70]",1,[50],"['rpm', 'rpm_delta', 'cmd', 'cmd_delta', 'height', 'vel', 'acc', 'angles', 'rates']"
0.0016038564111416538,2,LSTM,1,[100],2,"[190, 90]","['rpm', 'rpm_delta', 'cmd', 'cmd_delta', 'height', 'vel', 'acc', 'angles', 'rates']"
0.0016040114375452201,2,MLP,0,[],1,[100],"['rpm', 'rpm_delta', 'cmd', 'cmd_delta', 'height', 'vel', 'acc', 'angles', 'rates']"
0.0016041208485451837,3,MLP,0,[],2,"[170, 50]","['rpm', 'rpm_delta', 'cmd', 'cmd_delta', 'height', 'vel', 'acc', 'angles', 'rates']"
0.0016051780354852478,7,GRU,2,"[110, 90]",2,"[160, 190]","['rpm', 'rpm_delta', 'cmd', 'cmd_delta', 'height', 'vel', 'acc', 'angles', 'rates']"
0.0016053005238063633,9,LSTM,1,[60],1,[150],"['rpm', 'rpm_delta', 'cmd', 'cmd_delta', 'height', 'vel', 'acc', 'angles', 'rates']"
0.0016056303478156526,3,MLP,0,[],2,"[170, 160]","['rpm', 'rpm_delta', 'cmd', 'cmd_delta', 'height', 'vel', 'acc', 'angles', 'rates']"
0.0016059840951735775,7,MLP,0,[],1,[150],"['rpm', 'rpm_delta', 'cmd', 'cmd_delta', 'height', 'vel', 'acc', 'angles', 'rates']"
0.0016062202436539035,8,MLP,0,[],2,"[130, 150]","['rpm', 'rpm_delta', 'cmd', 'cmd_delta', 'height', 'vel', 'acc', 'angles', 'rates']"
0.0016065565481161077,10,GRU,1,[50],1,[140],"['rpm', 'rpm_delta', 'cmd', 'cmd_delta', 'height', 'vel', 'acc', 'angles', 'rates']"
0.0016068908153101802,4,MLP,0,[],2,"[170, 50]","['rpm', 'rpm_delta', 'cmd', 'cmd_delta', 'height', 'vel', 'acc', 'angles', 'rates']"
0.0016069165042911966,2,LSTM,1,[60],1,[150],"['rpm', 'rpm_delta', 'cmd', 'cmd_delta', 'height', 'vel', 'acc', 'angles', 'rates']"
0.0016070663114078343,0,MLP,0,[],2,"[100, 60]","['rpm', 'rpm_delta', 'cmd', 'cmd_delta', 'height', 'vel', 'acc', 'angles', 'rates']"
0.0016081058808291953,2,GRU,1,[90],2,"[150, 120]","['rpm', 'rpm_delta', 'cmd', 'cmd_delta', 'height', 'vel', 'acc', 'angles', 'rates']"
0.0016087112211001415,5,MLP,0,[],2,"[170, 50]","['rpm', 'rpm_delta', 'cmd', 'cmd_delta', 'height', 'vel', 'acc', 'angles', 'rates']"
0.0016094545911376674,7,MLP,0,[],2,"[100, 60]","['rpm', 'rpm_delta', 'cmd', 'cmd_delta', 'height', 'vel', 'acc', 'angles', 'rates']"
0.0016098655566262703,9,MLP,0,[],2,"[200, 130]","['rpm', 'rpm_delta', 'cmd', 'cmd_delta', 'height', 'vel', 'acc', 'angles', 'rates']"
0.0016099044005386531,3,GRU,1,[70],1,[80],"['rpm', 'rpm_delta', 'cmd', 'cmd_delta', 'height', 'vel', 'acc', 'angles', 'rates']"
0.0016099919254581134,1,GRU,1,[60],1,[120],"['rpm', 'rpm_delta', 'cmd', 'cmd_delta', 'height', 'vel', 'acc', 'angles', 'rates']"
0.001610551941363762,1,MLP,0,[],1,[100],"['rpm', 'rpm_delta', 'cmd', 'cmd_delta', 'height', 'vel', 'acc', 'angles', 'rates']"
0.0016114900548321505,9,MLP,0,[],2,"[130, 150]","['rpm', 'rpm_delta', 'cmd', 'cmd_delta', 'height', 'vel', 'acc', 'angles', 'rates']"
0.00161195519225051,8,MLP,0,[],2,"[70, 140]","['rpm', 'rpm_delta', 'cmd', 'cmd_delta', 'height', 'vel', 'acc', 'angles', 'rates']"
0.00161201423422123,9,LSTM,1,[100],2,"[190, 90]","['rpm', 'rpm_delta', 'cmd', 'cmd_delta', 'height', 'vel', 'acc', 'angles', 'rates']"
0.0016127618146128953,5,MLP,0,[],1,[150],"['rpm', 'rpm_delta', 'cmd', 'cmd_delta', 'height', 'vel', 'acc', 'angles', 'rates']"
0.0016128355637192726,2,MLP,0,[],1,[130],"['rpm', 'rpm_delta', 'cmd', 'cmd_delta', 'height', 'vel', 'acc', 'angles', 'rates']"
0.0016129535312453906,1,GRU,1,[70],1,[80],"['rpm', 'rpm_delta', 'cmd', 'cmd_delta', 'height', 'vel', 'acc', 'angles', 'rates']"
0.0016146986939323444,5,MLP,0,[],2,"[150, 120]","['rpm', 'rpm_delta', 'cmd', 'cmd_delta', 'height', 'vel', 'acc', 'angles', 'rates']"
0.001615249978688856,0,GRU,2,"[110, 90]",2,"[160, 190]","['rpm', 'rpm_delta', 'cmd', 'cmd_delta', 'height', 'vel', 'acc', 'angles', 'rates']"
0.001615272427443415,8,GRU,2,"[80, 70]",1,[50],"['rpm', 'rpm_delta', 'cmd', 'cmd_delta', 'height', 'vel', 'acc', 'angles', 'rates']"
0.0016154490100840728,8,GRU,1,[70],1,[140],"['rpm', 'rpm_delta', 'cmd', 'cmd_delta', 'height', 'vel', 'acc', 'angles', 'rates']"
0.0016173796805863578,5,MLP,0,[],2,"[140, 130]","['rpm', 'rpm_delta', 'cmd', 'cmd_delta', 'height', 'vel', 'acc', 'angles', 'rates']"
0.0016177129194450874,9,MLP,0,[],1,[150],"['rpm', 'rpm_delta', 'cmd', 'cmd_delta', 'height', 'vel', 'acc', 'angles', 'rates']"
0.0016180146679592629,8,LSTM,1,[60],1,[150],"['rpm', 'rpm_delta', 'cmd', 'cmd_delta', 'height', 'vel', 'acc', 'angles', 'rates']"
0.0016183060167046885,9,MLP,0,[],2,"[170, 50]","['rpm', 'rpm_delta', 'cmd', 'cmd_delta', 'height', 'vel', 'acc', 'angles', 'rates']"
0.001618391873004536,0,GRU,1,[70],1,[80],"['rpm', 'rpm_delta', 'cmd', 'cmd_delta', 'height', 'vel', 'acc', 'angles', 'rates']"
0.0016187136837591727,1,LSTM,1,[70],1,[80],"['rpm', 'rpm_delta', 'cmd', 'cmd_delta', 'height', 'vel', 'acc', 'angles', 'rates']"
0.0016196067833031218,0,LSTM,1,[50],1,[140],"['rpm', 'rpm_delta', 'cmd', 'cmd_delta', 'height', 'vel', 'acc', 'angles', 'rates']"
0.001621098587444673,0,GRU,1,[80],1,[150],"['rpm', 'rpm_delta', 'cmd', 'cmd_delta', 'height', 'vel', 'acc', 'angles', 'rates']"
0.0016212286427617073,4,GRU,1,[100],2,"[190, 90]","['rpm', 'rpm_delta', 'cmd', 'cmd_delta', 'height', 'vel', 'acc', 'angles', 'rates']"
0.0016219971779113014,1,LSTM,1,[100],2,"[190, 90]","['rpm', 'rpm_delta', 'cmd', 'cmd_delta', 'height', 'vel', 'acc', 'angles', 'rates']"
0.0016224683301212888,0,GRU,1,[100],2,"[190, 90]","['rpm', 'rpm_delta', 'cmd', 'cmd_delta', 'height', 'vel', 'acc', 'angles', 'rates']"
0.0016226964071393013,8,MLP,0,[],2,"[170, 50]","['rpm', 'rpm_delta', 'cmd', 'cmd_delta', 'height', 'vel', 'acc', 'angles', 'rates']"
0.001622740567351381,8,MLP,0,[],1,[150],"['rpm', 'rpm_delta', 'cmd', 'cmd_delta', 'height', 'vel', 'acc', 'angles', 'rates']"
0.0016230151522904634,3,MLP,0,[],1,[100],"['rpm', 'rpm_delta', 'cmd', 'cmd_delta', 'height', 'vel', 'acc', 'angles', 'rates']"
0.0016236422040189307,3,LSTM,1,[90],2,"[110, 150]","['rpm', 'rpm_delta', 'cmd', 'cmd_delta', 'height', 'vel', 'acc', 'angles', 'rates']"
0.001623702177312225,3,GRU,2,"[80, 70]",1,[50],"['rpm', 'rpm_delta', 'cmd', 'cmd_delta', 'height', 'vel', 'acc', 'angles', 'rates']"
0.0016241358243860304,1,MLP,0,[],2,"[170, 50]","['rpm', 'rpm_delta', 'cmd', 'cmd_delta', 'height', 'vel', 'acc', 'angles', 'rates']"
0.0016256182764967282,8,MLP,0,[],2,"[160, 140]","['rpm', 'rpm_delta', 'cmd', 'cmd_delta', 'height', 'vel', 'acc', 'angles', 'rates']"
0.0016263416230988998,4,LSTM,2,"[80, 70]",1,[50],"['rpm', 'rpm_delta', 'cmd', 'cmd_delta', 'height', 'vel', 'acc', 'angles', 'rates']"
0.001626368670258671,3,MLP,0,[],2,"[100, 60]","['rpm', 'rpm_delta', 'cmd', 'cmd_delta', 'height', 'vel', 'acc', 'angles', 'rates']"
0.001626974514996012,7,GRU,1,[60],1,[170],"['rpm', 'rpm_delta', 'cmd', 'cmd_delta', 'height', 'vel', 'acc', 'angles', 'rates']"
0.0016270011158970494,6,MLP,0,[],1,[100],"['rpm', 'rpm_delta', 'cmd', 'cmd_delta', 'height', 'vel', 'acc', 'angles', 'rates']"
0.001628070274212708,1,LSTM,1,[90],2,"[100, 130]","['rpm', 'rpm_delta', 'cmd', 'cmd_delta', 'height', 'vel', 'acc', 'angles', 'rates']"
0.001628070274212708,1,LSTM,1,[90],2,"[100, 130]","['rpm', 'rpm_delta', 'cmd', 'cmd_delta', 'height', 'vel', 'acc', 'angles', 'rates']"
0.0016281583812087774,8,MLP,0,[],2,"[90, 170]","['rpm', 'rpm_delta', 'cmd', 'cmd_delta', 'height', 'vel', 'acc', 'angles', 'rates']"
0.0016297556576319039,7,MLP,0,[],2,"[170, 50]","['rpm', 'rpm_delta', 'cmd', 'cmd_delta', 'height', 'vel', 'acc', 'angles', 'rates']"
0.0016305303433910012,2,LSTM,1,[70],1,[80],"['rpm', 'rpm_delta', 'cmd', 'cmd_delta', 'height', 'vel', 'acc', 'angles', 'rates']"
0.0016317663054602842,5,MLP,0,[],2,"[100, 60]","['rpm', 'rpm_delta', 'cmd', 'cmd_delta', 'height', 'vel', 'acc', 'angles', 'rates']"
0.001632866682484746,0,LSTM,1,[40],1,[160],"['rpm', 'rpm_delta', 'cmd', 'cmd_delta', 'height', 'vel', 'acc', 'angles', 'rates']"
0.0016328781881990533,6,MLP,0,[],1,[150],"['rpm', 'rpm_delta', 'cmd', 'cmd_delta', 'height', 'vel', 'acc', 'angles', 'rates']"
0.0016335756905997794,10,LSTM,1,[70],1,[80],"['rpm', 'rpm_delta', 'cmd', 'cmd_delta', 'height', 'vel', 'acc', 'angles', 'rates']"
0.0016358153661713004,8,MLP,0,[],2,"[100, 150]","['rpm', 'rpm_delta', 'cmd', 'cmd_delta', 'height', 'vel', 'acc', 'angles', 'rates']"
0.0016364102096607287,5,MLP,0,[],1,[100],"['rpm', 'rpm_delta', 'cmd', 'cmd_delta', 'height', 'vel', 'acc', 'angles', 'rates']"
0.0016368674502397578,3,LSTM,2,"[80, 70]",1,[50],"['rpm', 'rpm_delta', 'cmd', 'cmd_delta', 'height', 'vel', 'acc', 'angles', 'rates']"
0.0016380847664549947,10,MLP,0,[],2,"[100, 60]","['rpm', 'rpm_delta', 'cmd', 'cmd_delta', 'height', 'vel', 'acc', 'angles', 'rates']"
0.0016384773577253025,4,MLP,0,[],2,"[140, 160]","['rpm', 'rpm_delta', 'cmd', 'cmd_delta', 'height', 'vel', 'acc', 'angles', 'rates']"
0.0016389273223467171,9,MLP,0,[],2,"[100, 60]","['rpm', 'rpm_delta', 'cmd', 'cmd_delta', 'height', 'vel', 'acc', 'angles', 'rates']"
0.0016395717393606901,10,MLP,0,[],1,[100],"['rpm', 'rpm_delta', 'cmd', 'cmd_delta', 'height', 'vel', 'acc', 'angles', 'rates']"
0.0016407834482379258,0,GRU,1,[70],1,[160],"['rpm', 'rpm_delta', 'cmd', 'cmd_delta', 'height', 'vel', 'acc', 'angles', 'rates']"
0.0016421339629838865,7,MLP,0,[],1,[110],"['rpm', 'rpm_delta', 'cmd', 'cmd_delta', 'height', 'vel', 'acc', 'angles', 'rates']"
0.001644497523860385,4,MLP,0,[],1,[100],"['rpm', 'rpm_delta', 'cmd', 'cmd_delta', 'height', 'vel', 'acc', 'angles', 'rates']"
0.001648876874241978,8,MLP,0,[],2,"[100, 60]","['rpm', 'rpm_delta', 'cmd', 'cmd_delta', 'height', 'vel', 'acc', 'angles', 'rates']"
0.0016502406409320731,8,MLP,0,[],1,[100],"['rpm', 'rpm_delta', 'cmd', 'cmd_delta', 'height', 'vel', 'acc', 'angles', 'rates']"
0.0016505180198388796,2,GRU,2,"[80, 70]",1,[50],"['rpm', 'rpm_delta', 'cmd', 'cmd_delta', 'height', 'vel', 'acc', 'angles', 'rates']"
0.0016505528280201058,0,LSTM,1,[90],2,"[120, 140]","['rpm', 'rpm_delta', 'cmd', 'cmd_delta', 'height', 'vel', 'acc', 'angles', 'rates']"
0.0016520236385986209,4,MLP,0,[],2,"[100, 60]","['rpm', 'rpm_delta', 'cmd', 'cmd_delta', 'height', 'vel', 'acc', 'angles', 'rates']"
0.001657326938584447,9,GRU,2,"[110, 90]",2,"[150, 160]","['rpm', 'rpm_delta', 'cmd', 'cmd_delta', 'height', 'vel', 'acc', 'angles', 'rates']"
0.0016576959557520847,10,MLP,0,[],1,[150],"['rpm', 'rpm_delta', 'cmd', 'cmd_delta', 'height', 'vel', 'acc', 'angles', 'rates']"
0.0016579784569330513,1,GRU,2,"[80, 70]",1,[50],"['rpm', 'rpm_delta', 'cmd', 'cmd_delta', 'height', 'vel', 'acc', 'angles', 'rates']"
0.0016617610235698521,0,LSTM,2,"[110, 90]",2,"[160, 190]","['rpm', 'rpm_delta', 'cmd', 'cmd_delta', 'height', 'vel', 'acc', 'angles', 'rates']"
0.0016620567184872925,7,MLP,0,[],2,"[160, 150]","['rpm', 'rpm_delta', 'cmd', 'cmd_delta', 'height', 'vel', 'acc', 'angles', 'rates']"
0.0016649596897574763,0,LSTM,1,[70],1,[80],"['rpm', 'rpm_delta', 'cmd', 'cmd_delta', 'height', 'vel', 'acc', 'angles', 'rates']"
0.0016745778266340494,10,MLP,0,[],2,"[170, 50]","['rpm', 'rpm_delta', 'cmd', 'cmd_delta', 'height', 'vel', 'acc', 'angles', 'rates']"
0.0016784688923507929,1,LSTM,1,[90],2,"[100, 100]","['rpm', 'rpm_delta', 'cmd', 'cmd_delta', 'height', 'vel', 'acc', 'angles', 'rates']"
0.0016808311144510906,2,GRU,1,[100],2,"[120, 140]","['rpm', 'rpm_delta', 'cmd', 'cmd_delta', 'height', 'vel', 'acc', 'angles', 'rates']"
0.0016872767785874505,9,MLP,0,[],1,[100],"['rpm', 'rpm_delta', 'cmd', 'cmd_delta', 'height', 'vel', 'acc', 'angles', 'rates']"
0.0016968236692870657,2,LSTM,2,"[80, 70]",1,[50],"['rpm', 'rpm_delta', 'cmd', 'cmd_delta', 'height', 'vel', 'acc', 'angles', 'rates']"
0.0017014100643185277,10,MLP,0,[],2,"[120, 160]","['rpm', 'rpm_delta', 'cmd', 'cmd_delta', 'height', 'vel', 'acc', 'angles', 'rates']"
0.0017071142210625112,7,MLP,0,[],1,[80],"['rpm', 'rpm_delta', 'cmd', 'cmd_delta', 'height', 'vel', 'acc', 'angles', 'rates']"
0.0017106677405536175,0,GRU,2,"[80, 70]",1,[50],"['rpm', 'rpm_delta', 'cmd', 'cmd_delta', 'height', 'vel', 'acc', 'angles', 'rates']"
0.001712691388092935,1,LSTM,2,"[80, 70]",1,[50],"['rpm', 'rpm_delta', 'cmd', 'cmd_delta', 'height', 'vel', 'acc', 'angles', 'rates']"
0.0017170456509726744,0,LSTM,1,[100],2,"[190, 90]","['rpm', 'rpm_delta', 'cmd', 'cmd_delta', 'height', 'vel', 'acc', 'angles', 'rates']"
0.0017553710495121777,0,LSTM,2,"[80, 70]",1,[50],"['rpm', 'rpm_delta', 'cmd', 'cmd_delta', 'height', 'vel', 'acc', 'angles', 'rates']"
